run_id,re-prompt_policy,(re)prompt_source,re-prompt_count,single_shot_video?,model,clip_id,iou_median,iou_p25,iou_p75,biou_median,biou_p25,biou_p75,jitter_norm_median_pct,jitter_norm_p95_pct,area_cv_pct,empty_frames_pct,proc_fps_measured,proc_fps_theoretical,target_W,target_H,stride,overlay_observation
1,"centroid_jump, area_change, empty_streak",gt,0,N,SAM-2,clip_sharp,0.672753304,0.534071222,0.750912055,0.485035643,0.344550513,0.577268004,4.008302808,12.47460794,56.70514671,16.66666667,14.6360111,25,1280,720,1,"with re-prompting disabled, sam2 can still segment billboard with 1 frame seed when the billboard postion is similar."
2,"centroid_jump, area_change, empty_streak",gt,45,N,SAM-2,clip_sharp,0.667507887,0.534289286,0.750799492,0.481176972,0.345480643,0.579276681,4.0496521,16.33019943,56.52066211,14.58333333,14.7118921,25,1280,720,1,
3,shot_starts,gt,6,N,SAM-2,clip_sharp,0.683008462,0.630127311,0.796246871,0.463160187,0.411627136,0.55537118,3.553748369,17.01524973,133.2261928,8.333333333,15.18083025,25,1280,720,1,Masks are significantly more accurate and stable than in run #1 & run #2
4,shot_starts,OWL-ViT,6,N,SAM-2,clip_sharp,0.057843531,0.041358795,0.621517956,0.202050075,0.148932841,0.465191275,2.396021128,23.47685776,100.4690391,0,3.00384826,25,1280,720,1,Heavy spill-over on the first frame. Wrong boxes. But billboard was accurately segmented on a couple of following frames
5,shot_starts,YOLO11s_train7,6,N,SAM-2,clip_sharp,0.670883111,0.48989969,0.791439222,0.477921237,0.397031425,0.572528434,3.867634058,15.02140503,127.0190838,18.75,2.620247143,25,1280,720,1,
6,shot_starts,YOLO11n_train8,6,N,SAM-2,clip_sharp,0.505247504,0.114967345,0.72502782,0.405811793,0.293494768,0.498552427,4.26175642,20.36096935,110.811548,14.58333333,2.760033958,25,1280,720,1,Heavy spill-over on the first frame
7,"centroid_jump, area_change, empty_streak",gt,0,N,SAM-2,clip_occlusion,0.633406878,0,0.697908327,0.345775187,0,0.392201774,0.941231191,12.16199627,80.36147424,36,15.48459694,25,1280,720,1,SAM-2 recovers the mask when the billboard is in the similar position as in the seeding gt frame
8,"centroid_jump, area_change, empty_streak",gt,60,N,SAM-2,clip_occlusion,0.629834443,0.096668014,0.697950855,0.344054192,0.021813037,0.384343356,1.808257937,30.22064972,112.3324222,20,14.01772916,25,1280,720,1,
9,shot_starts,gt,8,N,SAM-2,clip_occlusion,0.702916831,0.639164492,0.788481981,0.380582437,0.316963114,0.403445117,3.235348463,13.51548195,152.2835101,0,16.09869173,25,1280,720,1,
10,shot_starts,OWL-ViT,8,N,SAM-2,clip_occlusion,0.01838918,0,0.413868941,0.03949555,0,0.364502564,0.784329116,36.37933731,145.8871362,0,3.160207991,25,1280,720,1,
11,shot_starts,YOLO11s_train7,8,N,SAM-2,clip_occlusion,0.679939389,0,0.843851749,0.382227112,0,0.626540797,1.963147223,12.39303517,159.3286302,26,5.280767469,25,1280,720,1,
12,shot_starts,YOLO11n_train8,8,N,SAM-2,clip_occlusion,0.671979276,0.610924257,0.735546459,0.359556704,0.222558825,0.403149705,3.245060444,24.91479759,145.0822738,0,4.988107202,25,1280,720,1,
13,"centroid_jump, area_change, empty_streak",gt,0,N,SAM-2,clip_glare,0,0,0,0,0,0,4.452856064,20.33273048,186.1246011,76.08695652,15.12669253,25,1280,720,1,"segmented billboard accurately for the first few seconds. After camera move, mask disappeared and never recovered. "
14,"centroid_jump, area_change, empty_streak",gt,44,N,SAM-2,clip_glare,0.697427094,0.008485775,0.792243838,0.549592733,0.08494081,0.663981229,2.388499856,27.9985261,40.46228679,8.695652174,15.74544623,25,1280,720,1,
15,shot_starts,gt,4,N,SAM-2,clip_glare,0.823809773,0.766971692,0.911929369,0.56792596,0.523619056,0.633989409,1.762940407,24.27395744,87.0981579,0,16.71752084,25,1280,720,1,
16,shot_starts,OWL-ViT,4,N,SAM-2,clip_glare,0.49865146,0.277309321,0.806032792,0.398239702,0.235771675,0.43547976,1.258875251,19.15488548,77.4243238,0,1.756804833,25,1280,720,1,"Beside billboard, OWL-ViT also annotated on wrong objects: match points on screen"
17,shot_starts,YOLO11s_train7,4,N,SAM-2,clip_glare,0.3278294,0,0.762841846,0.150286818,0,0.559016836,6.109521627,25.44566288,125.3335826,43.47826087,1.899501592,25,1280,720,1,
18,shot_starts,YOLO11n_train8,4,N,SAM-2,clip_glare,0.653911661,0.328090829,0.737681818,0.41391957,0.154857372,0.559786829,3.286420345,27.03471355,68.52149275,13.04347826,2.35577286,25,1280,720,1,
19,"centroid_jump, area_change, empty_streak",gt,0,Y,SAM-2,clip_gentle,0.614807457,0.59509556,0.631749839,0.332186997,0.318675794,0.351542257,0.26153639,0.923943913,3.415672011,0,19.01328743,25,1280,720,1,
20,shot_starts,OWL-ViT,0,Y,SAM-2,clip_gentle,0.033194609,0.000392149,0.091421233,0.044007067,0.018167272,0.100047214,0.384913057,3.078566027,15.97754305,0,2.476801021,25,1280,720,1,
21,shot_starts,YOLO11s_train7,0,Y,SAM-2,clip_gentle,0.860878743,0.838041503,0.879264594,0.724835353,0.694219523,0.758427419,0.537439942,2.49877677,4.019083802,0,2.334249379,25,1280,720,1,Accurate. No spill-over. 
22,shot_starts,YOLO11n_train8,0,Y,SAM-2,clip_gentle,0.865363236,0.844374878,0.883444608,0.733623762,0.694061325,0.766168149,0.316380084,1.569589818,3.459709087,0,2.790973153,25,1280,720,1,
23,"centroid_jump, area_change, empty_streak",gt,8,Y,SAM-2,clip_fast,0.635195553,0.567936778,0.755486369,0.436114073,0.359856486,0.574789762,0.662650168,6.678937101,29.45033579,0,18.40054685,25,1280,720,1,
24,"centroid_jump, area_change, empty_streak",gt,0,Y,SAM-2,clip_fast,0.611602128,0.503973395,0.749987394,0.433550209,0.345041156,0.576036721,0.653264165,9.204112625,30.59828456,0,18.28184948,25,1280,720,1,
25,shot_starts,gt,2,Y,SAM-2,clip_fast,0.671675503,0.651884139,0.696686655,0.335686147,0.318178102,0.416221499,0.302254274,1.592464954,16.15542381,0,17.2650699,25,1280,720,1,
26,shot_starts,OWL-ViT,2,Y,SAM-2,clip_fast,0,0,0.079995189,0,0,0.091878984,1.205508173,9.78322506,136.5969536,61.61616162,2.732000945,25,1280,720,1,
27,shot_starts,YOLO11n_train8,2,Y,SAM-2,clip_fast,0,0,0,0,0,0,nan,nan,nan,100,0,25,1280,720,1,
28,shot_starts,YOLO11s_train7,2,Y,SAM-2,clip_fast,0,0,0,0,0,0,nan,nan,nan,100,0,25,1280,720,1,0 annotation
29,"centroid_jump, area_change, empty_streak",gt,74,N,SAM-2,clip_corner,0.831846118,0.493692428,0.922456384,0.497133553,0.381485283,0.533061385,1.774092078,23.45390444,81.09619572,0,15.3151578,25,1280,720,1,
30,"centroid_jump, area_change, empty_streak",gt,0,N,SAM-2,clip_corner,0.79636085,0.242384627,0.897125304,0.360667646,0.169187516,0.517133594,3.798180699,33.00598497,98.52875397,23.80952381,12.42157767,25,1280,720,1,
31,shot_starts,gt,7,N,SAM-2,clip_corner,0.830203891,0.595167279,0.930133283,0.526990771,0.476089329,0.55194515,1.734573841,17.02863865,85.11097302,0,16.23055244,25,1280,720,1,
32,shot_starts,OWL-ViT,7,N,SAM-2,clip_corner,0.792137325,0.571515203,0.914567351,0.47402066,0.439441979,0.503901839,1.637857199,25.16172009,94.17680208,0,2.295149464,25,1280,720,1,
33,shot_starts,Moondream,7,N,SAM-2,clip_corner,0.215303406,0,0.687420905,0.173998341,0,0.464874178,1.556753159,28.14906063,109.4975719,28.57142857,0,25,1280,720,1,
34,shot_starts,YOLO11s_train7,7,N,SAM-2,clip_corner,0.513100173,0,0.615050089,0.152768569,0,0.410082273,2.950545073,25.41608524,142.4495919,42.85714286,3.583234767,25,1280,720,1,
35,shot_starts,YOLO11n_train8,7,N,SAM-2,clip_corner,0.750430345,0.675424414,0.85106737,0.513520241,0.352636373,0.556746369,5.253600597,20.01320457,93.26150214,9.523809524,5.286667196,25,1280,720,1,
36,"centroid_jump, area_change, empty_streak",gt,0,Y,SAM-2,clip_basketball,0.817599744,0.782941952,0.852914438,0.35188362,0.231908873,0.418661609,2.52456665,9.989950943,47.38823279,0,15.10084017,29.97002997,1280,720,1,
37,shot_starts,gt,0,Y,SAM-2,clip_basketball,0.7889584,0.769871667,0.830174521,0.301833108,0.188117392,0.365982048,2.590408087,9.918793297,49.54178733,0,14.92059475,29.97002997,1280,720,1,
38,shot_starts,OWL-ViT,0,Y,SAM-2,clip_basketball,0.234855346,0.013320064,0.42642121,0.173885345,0.027235494,0.262790069,0.825606167,10.44571657,54.9388369,0,1.615805693,29.97002997,1280,720,1,
39,shot_starts,YOLO11n_train8,0,Y,SAM-2,clip_basketball,0.847157827,0.792739648,0.895724174,0.420384984,0.350158586,0.602597403,2.624027252,9.927684307,45.68775497,0,2.984083578,29.97002997,1280,720,1,
40,shot_starts,YOLO11s_train7,0,Y,SAM-2,clip_basketball,0.845108361,0.792562327,0.900976205,0.41589404,0.345385861,0.596616735,2.597602367,9.909979534,46.12708151,0,1.704340486,29.97002997,1280,720,1,
41,shot_starts,Moondream,0,Y,SAM-2,clip_basketball,0.826427817,0.799146086,0.867944822,0.382531881,0.303789854,0.465696268,2.494019747,10.01063356,46.58147182,0,16.90663856,29.97002997,1280,720,1,
42,shot_starts,Moondream,3,N,SAM-2,clip_sharp,0,0,8.94E-05,0,0,0.015478015,0.447626501,25.5362751,87.09583933,37.5,1.299787248,25,1280,720,1,
43,shot_starts,Moondream,3,N,SAM-2,clip_glare,0,0,0.307141952,0,0,0.165974423,2.887668133,23.93890305,216.9451213,58.69565217,0,25,1280,720,1,
44,shot_starts,Moondream,4,N,SAM-2,clip_occlusion,0,0,0,0,0,0,0.222048953,46.75126019,346.7975771,58,6.349530485,25,1280,720,1,
45,shot_starts,Moondream,0,Y,SAM-2,clip_gentle,0,0,0,0,0,0,nan,nan,nan,100,0,25,1280,720,1,
46,shot_starts,Moondream,0,Y,SAM-2,clip_fast,0,0,0,0,0,0,0.284745291,3.395826566,199.7819178,76.76767677,1.763375304,25,1280,720,1,
47,first frame,gt,0,Y,XMem,clip_basketball,0.57981813,0,0.762560129,0.033742771,0,0.081052072,2.233913183,13.40322781,92.37563315,28.57142857,0,29.97002997,1280,720,1,
48,first frame,gt,0,Y,XMem,clip_gentle,0.34478423,0.287379831,0.528838098,0.192549616,0.156843305,0.286555678,1.404113173,6.971768856,54.32178868,0,0,25,1280,720,1,
49,first frame,gt,0,N,XMem,clip_corner,0,0,0.711574256,0,0,0.215131849,3.769840717,14.08945084,164.8578168,72,0,25,1280,720,1,
50,first frame,gt,0,N,XMem,clip_glare,0,0,0.029413976,0,0,0.026435735,4.557225227,19.66166878,197.8896836,72,0,25,1280,720,1,Mask disappeared after camera motion and shot cuts
51,first frame,gt,0,N,XMem,clip_sharp,0.379717171,0,0.427177072,0.010781202,0,0.058500268,3.984036684,11.18335819,95.14532888,38,0,25,1280,720,1,Mask recovers on different shot when the billboard position is similar to gt frame.
52,first frame,gt,0,Y,XMem,clip_fast,0.588561654,0.561981201,0.709530294,0.271435618,0.228493109,0.392876923,0.273964018,2.652328253,26.28782229,0,0,25,1280,720,1,
53,first frame,gt,0,N,XMem,clip_occlusion,0.258975148,0,0.516774535,0.021475846,0,0.099685557,3.152751446,12.97599316,224.839333,42,0,25,1280,720,1,
54,shot_starts,OWL-ViT,0,Y,XMem,clip_fast,0,0,0,0,0,0,0.065051198,0.813033581,23.02703306,0,0,25,1280,720,1,
55,shot_starts,OWL-ViT,0,Y,XMem,clip_basketball,0.280506492,0,0.416874617,0.004713263,0,0.03246408,0.620691419,7.963795662,61.37452935,0,0,29.97002997,1280,720,1,
56,shot_starts,OWL-ViT,7,N,XMem,clip_corner,0.405644059,0.233546972,0.61445415,0.015401731,0.009253836,0.040065501,0.818582475,27.57719994,120.4346955,0,0,25,1280,720,1,
57,shot_starts,OWL-ViT,0,Y,XMem,clip_gentle,0,0,0,0,0,0,0.064675562,1.695206404,15.55751514,0,0,25,1280,720,1,
58,shot_starts,OWL-ViT,4,N,XMem,clip_glare,0,0,0.24624002,0.001297744,0,0.050862834,0.628649354,15.08833313,174.7618856,0,0,25,1280,720,1,
59,shot_starts,OWL-ViT,8,N,XMem,clip_occlusion,0,0,0.037388019,0,0,0.007096224,0.518456101,32.18487549,167.8184977,0,0,25,1280,720,1,
60,shot_starts,OWL-ViT,6,N,XMem,clip_sharp,0.058383785,0.038915254,0.286486536,0.008583141,0,0.021831589,3.131942749,37.76916504,90.97398929,0,0,25,1280,720,1,
61,shot_starts,YOLO11s_train7,6,N,XMem,clip_sharp,0.249373674,0.140545651,0.287614077,0.01102283,0,0.038767524,2.685148239,15.84379387,80.73569209,10,0,25,1280,720,1,
62,shot_starts,YOLO11n_train8,6,N,XMem,clip_sharp,0.254220605,0.145527124,0.30085355,0.012740558,0,0.035329543,2.797973394,17.99412537,81.20268743,10,0,25,1280,720,1,
63,shot_starts,YOLO11n_train8,0,Y,XMem,clip_basketball,0.570977092,0,0.740361273,0.022400515,0,0.061926924,2.083367348,10.91606998,92.90273251,28.57142857,0,29.97002997,1280,720,1,
64,shot_starts,YOLO11n_train8,4,N,XMem,clip_corner,0.302469254,0.107657485,0.382582754,0.009040105,0.001274272,0.023398731,2.937019825,19.14262009,42.55885871,0,0,25,1280,720,1,
65,shot_starts,YOLO11n_train8,0,Y,XMem,clip_gentle,0.451158613,0.436928868,0.46723035,0.026975658,0.014760447,0.037129007,0.137223646,0.44647342,2.99063762,0,0,25,1280,720,1,
66,shot_starts,YOLO11s_train7,2,N,XMem,clip_glare,0.310299039,0.14937669,0.388945878,0.024464428,0.009757082,0.065180041,0.794539988,17.5573101,74.38362835,6,0,25,1280,720,1,
67,shot_starts,YOLO11n_train8,0,Y,XMem,clip_fast,0,0,0,0,0,0,0,0,0,0,0,0,0,0,0,failed due to no box produced
68,shot_starts,YOLO11n_train8,8,N,XMem,clip_occlusion,0.338159919,0.306969017,0.434222102,0.013380684,0.004007566,0.049656115,1.603804111,11.78554249,118.9715767,0,0,25,1280,720,1,
69,shot_starts,YOLO11s_train7,8,N,XMem,clip_occlusion,0.449062943,0.327040553,0.545051336,0.010880366,0.00347632,0.030520458,1.610128641,12.29511452,124.3295705,0,0,25,1280,720,1,
